"TIME","LATITUDE","LONGITUDE","SPEED(M/s)","ALT(M)","ACCURACY(M)","IS_OUTDOOR","X_POS","Y_POS","EVENT","EVENT_ID","TASK_TYPE","APP_DOWN(Mbps)","APP_UP(Mbps)","PING_DELAY(ms)","ISDATASLOT","NETWORK_TYPE","MCC","MNC","OPERATOR","NR5G TAC","NR5G NCI","NR5G gNodeB ID","NR5G Cell ID","NR5G CP Type","NR5G Duplex Mode","NR5G Numerology","NR5G Band","NR5G BandWidth DL","NR5G Bandwidth UL","NR5G SSB ARFCN DL","NR5G SSB ARFCN UL","NR5G PCI","NR5G Center ARFCN DL","NR5G Center ARFCN UL","NR5G SubCarrierSpacing","NR5G Absolute Frequency PointA","NR5G Init BWP Downlink Location Width","NR5G Init BWP Uplink Location Width","NR5G SSB Periodicity","NR5G RRC State","NR5G Connectivity Mode","NR5G Frequency Offset","NR5G Timing Offset","NR5G ServingCellIndex","NR5G Q_LEX_MIN","NR5G Pathloss DL","NR5G SS RSRP","NR5G SS RSRQ","NR5G SS SINR","NR5G SSB Beam Index","NR5G CellBarred","NR5G SubCarrierOffset","NR5G Serving GSCN","NR5G Carrier RSSI","NR5G Handover Target Arfcn","NR5G Handover Target PCI","NR5G SS RSRP Ant List","NR5G SS RSRQ Ant List","NR5G SS SINR Ant List","NR5G TRS SINR Ant List","NR5G SS RSSI Ant List","NR5G SSB Beam Index List","NR5G SSB Beam PCI List","NR5G SSB Beam RSRP List","NR5G SSB Beam RSRQ List","NR5G SSB Beam SINR List","NR5G ServingType List","NR5G Cells ARFCN List","NR5G Cells PCI List","NR5G Cells SSB Index List","NR5G Cells Band List","NR5G Cells BeamNum List","NR5G Cells RSRP List","NR5G Cells RSRQ List","NR5G Cells SINR List","NR5G MCS Avg DL","NR5G MCS Max DL","NR5G MCS Most DL","NR5G Modulation DL","NR5G Trans.Mode","NR5G DL QPSK Ratio(%)/s","NR5G DL 16QAM Ratio(%)/s","NR5G DL 64QAM Ratio(%)/s","NR5G DL 256QAM Ratio(%)/s","NR5G PDCP Tput DL(Mbps)","NR5G RLC Tput DL(Mbps)","NR5G MAC Tput Dl(Mbps)","NR5G PHY Tput DL(Mbps)","NR5G BLER DL","NR5G Layers Num DL","NR5G Rank DL","NR5G RB Num DL/slot","NR5G Pdsch Num RB/s","NR5G Grant Num DL/s","NR5G Pdsch TB Size/slot","NR5G TB0 Avg Size DL/s","NR5G TB1 Avg Size DL/s","NR5G CQI","NR5G MCS Avg UL","NR5G MCS Max UL","NR5G MCS Most UL","NR5G Modulation UL","NR5G Bler UL","NR5G Tx Mode UL","NR5G UL QPSK Ratio(%)/s","NR5G UL 16QAM Ratio(%)/s","NR5G UL 64QAM Ratio(%)/s","NR5G PDCP Tput UL(Mbps)","NR5G RLC Tput UL(Mbps)","NR5G MAC Tput UL(Mbps)","NR5G PHY Tput UL(Mbps)","NR5G Rank UL","NR5G RB Num UL/slot","NR5G Pusch Num RB/s","NR5G Grant Num UL/s","NR5G Pusch TB Size/s","NR5G MIMO","NR5G Rach Reason","NR5G C-RNTI","NR5G RACH Contention","NR5G PRACH Config","NR5G RACH Preamble Format","NR5G RACH LogicalRoot Index","NR5G RACH RA-RNTI","NR5G RACH Access Result","NR5G RACH T-RNTI","NR5G TA","NR5G Access Delay","NR5G PUSCH TxPower(dBm)","NR5G PUCCH TxPower(dBm)","NR5G PRACH TxPower(dBm)","NR5G DCI Format 0_0 Num/s","NR5G DCI Format 0_1 Num/s","NR5G DCI Format 0_2 Num/s","NR5G DCI Format 1_0 Num/s","NR5G DCI Format 1_1 Num/s","NR5G DCI Format 1_2 Num/s","NR5G DCI Format 2_0 Num/s","NR5G DCI Format 2_1 Num/s","NR5G DCI Format 2_2 Num/s","NR5G DCI Format 2_3 Num/s","NR5G DCI Format 0_0 AggLevel","NR5G DCI Format 0_1 AggLevel","NR5G DCI Format 1_0 AggLevel","NR5G DCI Format 1_1 AggLevel","NR5G DCI Format 2_0 AggLevel","NR5G DCI Format 2_1 AggLevel","NR5G DCI Format 2_2 AggLevel","NR5G DCI Format 2_3 AggLevel","NR5G MM State","NR5G MM Sub State","NR5G AMF Region ID","NR5G AMF SET ID","NR5G AMF Pointer","NR5G TMSI","NR5G Pusch Frame","NR5G Pusch Slot","NR5G Pusch SCS","NR5G Pusch TB Size/slot","NR5G Pusch TBIndex","NR5G Pusch Num RB/slot","NR5G Pusch BWP Id","NR5G Pusch TxPower","NR5G Pusch Actual TxPower","NR5G Pusch TxType","NR5G Pusch Carrier ID","NR5G Pusch HARQ ID","NR5G Pusch Modulation","NR5G Pusch Start RB","NR5G Pusch TPC","NR5G Pusch RNTI","NR5G Pdsch Frame","NR5G Pdsch Slot","NR5G Pdsch TB Index","NR5G Pdsch RNTI Type","NR5G Pdsch CRC Status","NR5G Pdsch NDI","NR5G Pdsch Modulation","NR5G Pdsch MCS","NR5G Pdsch Num RB/slot","NR5G Pdsch Num Layers","NR5G Pdsch Carrier ID","NR5G Pdsch HARQ ID","NR5G Pdsch SCS","NR5G Pdsch TxType","NR5G Pdsch BWP ID","NR5G Pdsch TB Size/s"
0,0,0,0,0,0,0,0,0,0,0,0,0,0,0,0,0,0,0,0,FA4919EA,EC624327,E97D2DB1,9581D094,84B5E45B,73EA1822,B7198906,421ADD10,63B29582,52E6A949,A6E20666,A64DBCCD,747E61BB,B9FEBE7C,6603415F,314EF0D7,96163A2D,F5A6C7A9,49A224C7,8013B21A,45945C1F,34C86FE6,9866E60A,CACA8AB5,854A4DF4,DB9676EE,4ED8C0A1,3E0CF468,70709913,5FA4ACDA,FEEB4C2B,EE1F7FF2,FB73865,BBBBDB47,DD5393B9,280A6C55,5A6E1100,E3B2283E,8FB6CB21,7EEAFEE8,B14E8393,F88BFD1F,264CB3B,F198FF01,813C654C,B3A009F7,A2D43DBE,88C3CD03,77F7E0CA,AA5B8575,A932D243,998FB93C,5F104341,4E447708,80A81BB3,6FDC2F7A,EA11974A,23FC83AD,1330B774,D945AB11,5B027A99,8D661F44,7C9A330B,289ED5EE,17D2E9B5,B7ADF29F,C879DED8,1C753BF6,1BE0D25D,6BCE46D2,3D788ACF,2CACBE96,D8B14178,C30BB7F8,FD2E2F60,9D6616DE,455CD119,3490E4E0,C7E5753F,5E7BF9A8,BF355A56,AE696E1D,41867377,C34322FE,6F47C5E1,D0959028,BFC9A3EF,52525FB0,9E31EB7D,AEFDD7B6,2F934D4,B14E624,A1AB6A8C,D40F0F37,CBBBD2E1,DFA1B9A,DC87BF1A,173E801C,4A368E60,396AA227,E56F4509,D4A378D0,7071D7C,F63B3142,A23FD425,9173E7EC,C3D78C97,B30BA05E,788C4A63,8958369C,2490ED46,4628A5B8,D001268F,7C05C972,6B39FD39,9D9D81E4,8CD1B5AB,1F5A516C,E8E6533,40F209DE,30263DA5,DC2AC087,5DE4A4A,F5127E10,277602BC,16AA3683,C2AED965,B1E2ED2C,E44691D7,D37AA59E,A54A5D28,947E70EF,C6E2159A,B6162961,621ACC44,514EE00B,954A458E,847E7955,B6E21E00,A61631C7,521AD4AA,414EE871,73B28D1C,62E6A0E3,EEB43C6,FE1F778C,30831C38,1FB72FFF,BAEFE6A8,ED538B53,A208491F,913C7CE6,7BCE5E6C,6B027233,8C9A2AA5,389ECD88,27D2E14F,5A3685FA,496AB9C1,F56F5CA3,E4A3706A,17071516,63B28DD,B23FCBBF,A173FF86,D3D78431,888C41FD,5628BD52,
20260725 15:13:45.133,24.825398,102.852090,0.00,1946,3,1,0.00,0.00,,,,,,,1,SA,,,中国移动,-,6471196684,1579882,12,Normal,-,1,41,100,100,504990,-,238,513000,513000,30kHz,-,-,-,ms20,Connected,SA,-0.9,-4,1,-,99,-78,-10.6,20.5,2,-,-,6312,-45.5,-,-,-76.3;-74.8;-81.5;-75.5,-,14.3;20.7;255;255,25;27.9;255;255,-46.6;-45.5,5;2;6;3;4;7;4;1,237;238;238;238;238;560;532;497,-97.8;-79.8;-85.3;-79.5;-89.5;-93.6;-105.8;-96.1,-17.8;-10.6;-11.1;-10.7;-11.3;-14;-21.7;-19,255;255;255;255;255;255;255;255,1;0;0;0;0,504990;504990;504990;504990;504990,238;560;497;237;532,2;7;1;5;4,-,4;1;1;1;1,-78;-93.2;-96.1;-97.8;-100.5,-10.6;-14.1;-19;-17.8;-19.8,20.5;255;255;255;255,1.3,2,2,QPSK,-,100,0,0,0,0.00,0.00,0.00,0.00,0,2,Rank 1,17,68,3,19,-,19,13,24.4,31,25,256QAM,0,SMDL,0,0,6,0.00,0.00,0.01,0.47,Rank 2,4,268,83,-,2 x 2,-,11483,-,-,-,-,-,-,-,-,-,-3,9,-,-,83,-,1,2,-,-,-,-,-,-,-,-,-,-,-,-,-,-,-,-,-,-,-,193,9,30kHz,848,-,4,1,-,-,New trans.,0,0,256QAM,139,1,11483,257,12,0,4,Pass,0,QPSK,0,28,1,0,0,30kHz,Re trans.,-,292,
20260725 15:13:46.148,24.825400,102.852092,1.51,1946,3,1,0.00,0.00,,,,,,,1,SA,,,中国移动,-,6471196684,1579882,12,Normal,-,1,41,100,100,504990,-,238,513000,513000,30kHz,-,-,-,ms20,Connected,SA,-0.9,-4,1,-,94,-72.8,-10.4,20,2,-,-,6312,-39.4,-,-,-75;-75.5;-90;-84,-,14.2;22.9;255;255,27.3;29.5;255;255,-39.4;-40.8;-57.8;-55.4,5;2;3;4;1;3;6;1,237;238;238;238;238;560;532;497,-137.9;-72.3;-73.5;-83.5;-84;-96.3;-104.5;-151.5,-35.3;-10.4;-10.5;-10.7;-11.3;-24.3;-23.9;-40.9,255;255;255;255;255;255;255;255,1;0;0;0;0,504990;504990;504990;504990;504990,238;560;532;237;497,2;3;6;5;1,-,4;1;1;1;1,-72.8;-89.8;-104.5;-137.9;-151.5,-10.4;-15.9;-23.8;-35.3;-40.9,20;255;255;255;255,1.3,2,2,QPSK,-,100,0,0,0,0.00,0.00,0.00,0.00,0,2,Rank 1,20,60,3,106,-,106,13,18,20,18,64QAM,0,SMDL,0,0,90,0.00,0.00,0.05,0.05,Rank 2,4,40,83,-,2 x 2,-,11483,-,-,-,-,-,-,-,-,-,3,0,-,-,83,-,1,2,-,-,-,-,-,-,-,-,-,-,-,-,-,-,-,-,-,-,-,415,19,30kHz,992,-,4,1,-,-,New trans.,0,0,256QAM,127,1,11483,409,4,0,0,Pass,1,QPSK,2,16,2,0,15,30kHz,Re trans.,-,733,
20260725 15:13:47.158,24.825405,102.852102,6.44,1946,3,1,0.00,0.00,,,,,,,1,SA,,,中国移动,-,6471196684,1579882,12,Normal,-,1,41,100,100,504990,-,238,513000,513000,30kHz,-,-,-,ms20,Connected,SA,-0.9,-4,1,-,96,-76.5,-10.8,20,2,-,-,6312,-40.5,-,-,-77;-78.1;-87.3;-82,-,13.8;20.7;255;255,23.3;24.5;255;255,-40.5;-42.6,5;2;3;4;1;7;6;1;1;6,237;238;238;238;238;560;532;497;558;239,-101.3;-75.6;-78.3;-86.9;-87;-87.9;-99.4;-115.9;-90.6;-101.8,-20.9;-10.5;-11;-11.1;-12.4;-12.8;-20.4;-27.4;-15.4;-22.5,255;255;255;255;255;255;255;255;255;255,1;0;0;0;0;0;0,504990;504990;504990;504990;504990;504990;504990,238;560;558;532;237;239;497,2;7;1;6;5;6;1,-,4;1;1;1;1;1;1,-76.5;-86.7;-91.1;-99.2;-101.3;-101.8;-114,-10.8;-13.6;-15.6;-20.5;-20.9;-22.5;-26.4,20;255;255;255;255;255;255,3.7,14,2,QPSK,-,73.9,17.4,8.7,0,0.04,0.04,0.06,0.07,0,2,Rank 1,24,561,18,69,-,69,13,23.8,31,25,256QAM,0,SMDL,0,0,6.7,0.03,0.03,0.07,0.96,Rank 2,4,548,136,-,2 x 2,-,11483,-,-,-,-,-,-,-,-,-,1,5,-,-,136,-,1,18,-,-,-,-,-,-,-,-,-,-,-,-,-,-,-,-,-,-,-,521,19,30kHz,992,-,4,1,-,-,New trans.,0,0,256QAM,155,1,11483,513,13,0,0,Pass,1,QPSK,0,16,1,0,15,30kHz,Re trans.,-,11090,
20260725 15:13:48.164,24.825414,102.852121,8.68,1946,3,1,0.00,0.00,,,,,,,1,SA,,,中国移动,-,6471196684,1579882,12,Normal,-,1,41,100,100,504990,-,238,513000,513000,30kHz,-,-,-,ms20,Connected,SA,-0.9,-4,1,-,97,-77.5,-11.2,10.4,2,-,-,6312,-39.8,-,-,-78.3;-90.5;-91.2;-85,-,9.4;9;255;255,22.1;18.8;255;255,-39.8;-54.8,5;2;3;6;1;0;1;5;0,237;238;238;238;238;560;558;239;497,-104.7;-75.8;-80.6;-85;-87.1;-81.3;-88.4;-99.8;-119.9,-19.2;-10.6;-12.2;-10.9;-13.4;-11.2;-15.3;-16.4;-28.4,255;255;255;255;255;255;255;255;255,1;0;0;0;0;0,504990;504990;504990;504990;504990;504990,238;560;558;239;237;497,2;0;1;5;5;0,-,4;1;1;1;1;1,-77.5;-82.9;-89.2;-100.2;-104.7;-119.9,-11.2;-12.6;-15.4;-17.7;-19.2;-28.4,10.4;255;255;255;255;255,3.7,14,2,QPSK,-,73.9,17.4,8.7,0,0.00,0.00,0.02,0.03,0,2,Rank 1,24,561,7,106,-,106,13,24.9,25,25,256QAM,0,SMDL,0,0,0,0.00,0.00,0.01,1.07,Rank 2,4,572,143,-,2 x 2,-,11483,-,-,-,-,-,-,-,-,-,4,5,-,-,143,-,1,7,-,-,-,-,-,-,-,-,-,-,-,-,-,-,-,-,-,-,-,614,19,30kHz,992,-,4,1,-,-,New trans.,0,0,256QAM,157,1,11483,590,3,0,0,Pass,1,QPSK,2,16,2,0,15,30kHz,Re trans.,-,11090,
20260725 15:13:49.178,24.825427,102.852145,11.66,1946,3,1,0.00,0.00,,,,,,,1,SA,,,中国移动,-,6471196684,1579882,12,Normal,-,1,41,100,100,504990,-,238,513000,513000,30kHz,-,-,-,ms20,Connected,SA,-0.9,-3,1,-,95,-75.5,-10.7,19.2,2,-,-,6312,-35.4,-,-,-71.6;-82.7;-78;-76.9,-,22.8;7.8;255;255,13.7;22.2;255;255,-35.4;-45.8,0;2;3;1;4;7;4;4,239;238;238;238;238;560;558;497,-134.8;-74.7;-77.2;-84.1;-85.2;-91;-92.1;-99.6,-35.4;-10.6;-10.9;-11.6;-11.4;-13.7;-18.5;-21,255;255;255;255;255;255;255;255,1;0;0;0;0,504990;504990;504990;504990;504990,238;560;558;497;239,2;7;4;4;0,-,4;1;1;1;1,-75.5;-89.1;-92.7;-99.6;-135.1,-10.7;-13.9;-18;-21;-34.6,19.2;255;255;255;255,1,2,2,QPSK,-,100,0,0,0,0.00,0.00,0.00,0.00,0,1,Rank 1,16,64,2,69,-,69,12,25,31,25,256QAM,0,SMDL,0,0,0,0.00,0.00,0.05,0.50,Rank 2,4,268,77,-,2 x 2,-,11483,-,-,-,-,-,-,-,-,-,7,0,-,-,77,-,1,2,-,-,-,-,-,-,-,-,-,-,-,-,-,-,-,-,-,-,-,719,18,30kHz,992,-,4,1,-,-,New trans.,0,0,256QAM,176,1,11483,698,13,0,0,Pass,0,QPSK,0,16,1,0,15,30kHz,Re trans.,-,350,
20260725 15:13:50.189,24.825448,102.852174,14.72,1946,3,1,0.00,0.00,,,,,,,1,SA,,,中国移动,-,6471196684,1579882,12,Normal,-,1,41,100,100,504990,-,238,513000,513000,30kHz,-,-,-,ms20,Connected,SA,-0.9,-4,1,-,93,-62.1,-10.4,29.2,2,-,-,6312,-25.5,-,-,-62;-60;-93;-66.4,-,26;27.2;255;255,19.3;24.4;255;255,-27.1;-25.5,5;2;3;1;4;0;1;4,239;238;238;238;238;560;558;497,-155.2;-60.8;-63.6;-70.3;-71.5;-86.2;-79.7;-155.7,-42.7;-10.4;-10.4;-10.4;-10.5;-19.2;-19.5;-42.9,255;255;255;255;255;255;255;255,1;0;0;0;0,504990;504990;504990;504990;504990,238;558;560;239;497,2;1;0;5;4,-,4;1;1;1;1,-62.1;-80.8;-87.4;-153.5;-155.7,-10.4;-20.3;-20.3;-42.1;-42.9,29.2;255;255;255;255,1,2,2,QPSK,-,100,0,0,0,0.00,0.00,0.00,0.00,0,1,Rank 1,16,64,4,66,-,66,13,23.3,31,25,256QAM,0,SMDL,0,0,30.2,0.00,0.00,0.09,0.61,Rank 2,4,384,97,-,2 x 2,-,11483,-,-,-,-,-,-,-,-,-,7,-14,-,-,97,-,1,4,-,-,-,-,-,-,-,-,-,-,-,-,-,-,-,-,-,-,-,764,9,30kHz,992,-,4,1,-,-,New trans.,0,0,256QAM,135,0,11483,738,3,0,0,Pass,1,QPSK,1,16,2,0,15,30kHz,Re trans.,-,350,
20260725 15:13:51.203,24.825473,102.852207,16.52,1946,3,1,0.00,0.00,,,,,,,1,SA,,,中国移动,-,6471196684,1579882,12,Normal,-,1,41,100,100,504990,-,238,513000,513000,30kHz,-,-,-,ms20,Connected,SA,-0.9,-3,1,-,82,-63.4,-10.4,31.4,2,-,-,6312,-25.6,-,-,-65.2;-61;-98.7;-67.5,-,30;31.4;255;255,25.8;26.4;255;255,-29.8;-25.6,5;2;3;1;4;0;1;7,239;238;238;238;238;560;558;497,-156;-62.1;-64.9;-72.1;-73.1;-88.4;-80.9;-132.4,-43;-10.3;-10.4;-10.4;-10.4;-19.6;-19.5;-34.6,255;255;255;255;255;255;255;255,1;0;0;0;0,504990;504990;504990;504990;504990,238;558;560;497;239,2;1;0;7;5,-,4;1;1;1;1,-63.4;-82.6;-88.4;-140.8;-156,-10.4;-20;-19.7;-37.6;-43,31.4;255;255;255;255,1,3,0,QPSK,-,100,0,0,0,0.00,0.00,0.00,0.00,0,2,Rank 1,16,64,1,640,-,640,13,19.4,31,14,64QAM,0,SMDL,0,0,59.6,0.00,0.00,0.01,0.25,Rank 2,4,188,45,-,2 x 2,-,11483,-,-,-,-,-,-,-,-,-,-2,-16,-,-,45,-,1,1,-,-,-,-,-,-,-,-,-,-,-,-,-,-,-,-,-,-,-,919,19,30kHz,992,-,4,1,-,-,New trans.,0,0,256QAM,139,1,11483,920,13,0,0,Pass,0,64QAM,14,16,2,0,14,30kHz,Re trans.,-,361,
20260725 15:13:52.208,24.825503,102.852240,17.64,1947,3,1,0.00,0.00,,,,,,,1,SA,,,中国移动,-,6471196684,1579882,12,Normal,-,1,41,100,100,504990,-,238,513000,513000,30kHz,-,-,-,ms20,Connected,SA,-0.9,-3,1,-,78,-60.4,-10.4,30.6,2,-,-,6312,-25.6,-,-,-61.6;-60.4;-99.4;-66.8,-,28.9;31.3;255;255,28.4;29.9;255;255,-26.1;-25.6,7;2;3;1;4;0;1,497;238;238;238;238;560;558,-87.6;-59.2;-62.5;-69.5;-70.6;-84.3;-79.3,-19.8;-10.4;-10.4;-10.4;-10.4;-18.1;-19.6,255;255;255;255;255;255;255,1;0;0;0,504990;504990;504990;504990,238;558;560;497,2;1;0;7,-,4;1;1;1,-60.4;-80.6;-84.9;-87.6,-10.4;-20.4;-18.5;-19.8,30.6;255;255;255,6,21,2,QPSK,-,60,11.3,27.5,1.3,0.27,0.29,0.01,0.01,0,2,Rank 1,30,2448,76,106,-,106,13,25,31,25,256QAM,0,SMDL,0,0,0,0.07,0.07,0.16,1.08,Rank 2,4,576,165,-,2 x 2,-,11483,-,-,-,-,-,-,-,-,-,-5,-11,-,-,165,-,1,76,-,-,-,-,-,-,-,-,-,-,-,-,-,-,-,-,-,-,-,994,19,30kHz,992,-,4,1,-,-,New trans.,0,0,256QAM,103,1,11483,969,12,0,0,Pass,1,QPSK,2,16,2,0,15,30kHz,Re trans.,-,74770,
20260725 15:13:53.219,24.825539,102.852274,20.34,1947,3,1,0.00,0.00,,,,,,,1,SA,,,中国移动,-,6471196684,1579882,12,Normal,-,1,41,100,100,504990,-,238,513000,513000,30kHz,-,-,-,ms20,Connected,SA,-0.9,-3,1,-,80,-59.8,-10.4,32.1,2,-,-,6312,-21.8,-,-,-57.2;-58.6;-99.3;-62.8,-,32.7;32.3;255;255,32.2;32.8;255;255,-21.8;-23.1,7;2;3;4;6;0;1,497;238;238;238;238;560;558,-137;-58.5;-61.3;-69;-69.3;-138.5;-77.8,-37;-10.4;-10.4;-10.4;-10.5;-37.5;-19.4,255;255;255;255;255;255;255,1;0;0;0,504990;504990;504990;504990,238;558;497;560,2;1;7;0,-,4;1;1;1,-59.8;-79;-137;-138.5,-10.4;-20.3;-37;-37.5,32.1;255;255;255,6,21,2,QPSK,-,60,11.3,27.5,1.3,0.12,0.10,0.58,0.61,0,2,Rank 1,30,2448,12,106,-,106,13,24.9,27,25,256QAM,0,SMDL,0,0,0,0.05,0.07,0.02,0.86,Rank 2,4,460,126,-,2 x 2,-,11483,-,-,-,-,-,-,-,-,-,-4,-12,-,-,126,-,1,12,-,-,-,-,-,-,-,-,-,-,-,-,-,-,-,-,-,-,-,28,19,30kHz,992,-,4,1,-,-,New trans.,0,0,256QAM,139,1,11483,3,13,0,0,Pass,0,QPSK,2,16,2,0,15,30kHz,Re trans.,-,74770,
20260725 15:13:54.230,24.825571,102.852315,20.63,1947,3,1,0.00,0.00,,,,,,,1,SA,,,中国移动,-,6471196684,1579882,12,Normal,-,1,41,100,100,504990,-,238,513000,513000,30kHz,-,-,-,ms20,Connected,SA,-0.9,-3,1,-,76,-57.9,-10.4,31.9,2,-,-,6312,-20.4,-,-,-57.4;-58.5;-95.4;-69,-,32.6;32.2;255;255,28.3;27.7;255;255,-20.4;-22.8,7;2;3;1;4;0;1,497;238;238;238;238;560;558,-154;-56.3;-60.4;-67.1;-67.6;-106.9;-76.7,-42.4;-10.4;-10.4;-10.4;-10.4;-27.3;-19.8,255;255;255;255;255;255;255,1;0;0;0,504990;504990;504990;504990,238;558;560;497,2;1;0;7,-,4;1;1;1,-57.9;-78.5;-106.9;-154,-10.4;-20.5;-27.3;-42.4,31.9;255;255;255,3.9,12,2,QPSK,-,77.8,11.1,11.1,0,0.00,0.00,0.00,0.00,0,2,Rank 1,19,176,1,26,-,26,12,24.6,31,25,256QAM,0,SMDL,0,0,0,0.00,0.00,0.01,0.36,Rank 2,4,196,50,-,2 x 2,-,11483,-,-,-,-,-,-,-,-,-,-2,-15,-,-,50,-,1,1,-,-,-,-,-,-,-,-,-,-,-,-,-,-,-,-,-,-,-,193,19,30kHz,944,-,4,1,-,-,New trans.,0,0,256QAM,99,1,11483,168,17,0,0,Pass,1,QPSK,0,16,1,0,15,30kHz,Re trans.,-,2897,
20260725 15:13:55.242,24.825603,102.852349,16.67,1947,3,1,0.00,0.00,,,,,,,1,SA,,,中国移动,-,6471196684,1579882,12,Normal,-,1,41,100,100,504990,-,238,513000,513000,30kHz,-,-,-,ms20,Connected,SA,-0.9,-3,1,-,74,-56.8,-10.4,33.8,2,-,-,6312,-19.3,-,-,-54.1;-57.3;-99.3;-66.9,-,33.5;33.3;255;255,30.9;32;255;255,-19.3;-22.1,7;2;3;1;4;0;1,497;238;238;238;238;560;558,-140.4;-55.1;-59.3;-65.8;-66;-155.9;-75.3,-37.9;-10.4;-10.4;-10.4;-10.4;-43;-19.7,255;255;255;255;255;255;255,1;0;0;0,504990;504990;504990;504990,238;558;497;560,2;1;7;0,-,4;1;1;1,-56.8;-76.8;-134.9;-155.9,-10.4;-20.3;-36.2;-43,33.8;255;255;255,1.3,2,2,QPSK,-,100,0,0,0,0.00,0.00,0.00,0.00,0,2,Rank 1,16,48,2,106,-,106,13,24.6,25,25,256QAM,0,SMDL,0,0,0,0.00,0.00,0.01,1.00,Rank 2,4,544,103,-,2 x 2,-,11483,-,-,-,-,-,-,-,-,-,-3,-20,-,-,103,-,1,2,-,-,-,-,-,-,-,-,-,-,-,-,-,-,-,-,-,-,-,303,8,30kHz,992,-,4,1,-,-,New trans.,0,0,256QAM,99,1,11483,300,13,0,0,Pass,0,QPSK,2,16,2,0,15,30kHz,Re trans.,-,238,
20260725 15:13:56.254,24.825638,102.852380,17.57,1947,3,1,0.00,0.00,,,,,,,1,SA,,,中国移动,-,6471196684,1579882,12,Normal,-,1,41,100,100,504990,-,238,513000,513000,30kHz,-,-,-,ms20,Connected,SA,-0.9,-3,1,-,74,-56.1,-10.4,32.2,2,-,-,6312,-20.3,-,-,-55.8;-58.8;-85.7;-62.7,-,33.6;34.3;255;255,28.3;28.6;255;255,-20.3;-22,0;2;3;1;4;0;1,497;238;238;238;238;560;558,-107.4;-55.1;-61.3;-66.6;-67.1;-156;-76.2,-28.4;-10.4;-10.4;-10.4;-10.4;-43;-19.7,255;255;255;255;255;255;255,1;0;0;0,504990;504990;504990;504990,238;558;497;560,2;1;0;0,-,4;1;1;1,-56.1;-78;-107.4;-156,-10.4;-20.5;-28.4;-43,32.2;255;255;255,1.3,2,2,QPSK,-,100,0,0,0,0.00,0.00,0.00,0.00,0,2,Rank 1,16,48,2,14,-,14,13,24.9,25,25,256QAM,0,SMDL,0,0,0,0.00,0.00,0.00,0.26,Rank 2,4,136,103,-,2 x 2,-,11483,-,-,-,-,-,-,-,-,-,-3,-19,-,-,103,-,1,2,-,-,-,-,-,-,-,-,-,-,-,-,-,-,-,-,-,-,-,350,19,30kHz,992,-,4,1,-,-,New trans.,0,0,256QAM,165,1,11483,385,12,0,4,Pass,0,QPSK,0,20,1,0,0,30kHz,Re trans.,-,238,
20260725 15:13:57.267,24.825674,102.852419,20.34,1947,3,1,0.00,0.00,,,,,,,1,SA,,,中国移动,-,6471196684,1579882,12,Normal,-,1,41,100,100,504990,-,238,513000,513000,30kHz,-,-,-,ms20,Connected,SA,-0.9,-3,1,-,74,-55.2,-10.4,34,2,-,-,6312,-19.1,-,-,-54.5;-59.7;-86.5;-65.9,-,34.3;35.4;255;255,27.9;27;255;255,-19.1;-24.4,0;2;3;1;4;0;1,497;238;238;238;238;560;558,-91.8;-54.9;-61.4;-65.9;-66.4;-89.9;-74.9,-19.6;-10.4;-10.4;-10.4;-10.4;-22.4;-19.8,255;255;255;255;255;255;255,1;0;0;0,504990;504990;504990;504990,238;558;560;497,2;1;0;0,-,4;1;1;1,-55.2;-76.8;-89.9;-91.8,-10.4;-20.7;-22.4;-19.6,34;255;255;255,1.3,2,2,QPSK,-,100,0,0,0,0.00,0.00,0.01,0.01,0,2,Rank 1,16,48,2,14,-,14,13,24.9,25,25,256QAM,0,SMDL,0,0,0,0.00,0.00,0.00,0.55,Rank 2,4,292,103,-,2 x 2,-,11483,-,-,-,-,-,-,-,-,-,-3,-19,-,-,103,-,1,2,-,-,-,-,-,-,-,-,-,-,-,-,-,-,-,-,-,-,-,350,19,30kHz,992,-,4,1,-,-,New trans.,0,0,256QAM,165,1,11483,385,12,0,4,Pass,0,QPSK,0,20,1,0,0,30kHz,Re trans.,-,238,
20260725 15:13:58.283,24.825708,102.852457,19.30,1947,3,1,0.00,0.00,,,,,,,1,SA,,,中国移动,-,6471196684,1579882,12,Normal,-,1,41,100,100,504990,-,238,513000,513000,30kHz,-,-,-,ms20,Connected,SA,-0.9,-3,1,-,75,-56,-10.4,33.5,2,-,-,6312,-21.5,-,-,-56.9;-58.7;-86.2;-64.6,-,33.4;29.9;255;255,27.5;25;255;255,-21.5;-23.3,0;2;3;1;4;0;1,497;238;238;238;238;560;558,-80.2;-56;-63.7;-67.5;-68;-130.4;-76.7,-16.4;-10.4;-10.4;-10.4;-10.4;-35.2;-19.2,255;255;255;255;255;255;255,1;0;0;0,504990;504990;504990;504990,238;558;497;560,2;1;0;0,-,4;1;1;1,-56;-78.8;-80.2;-130.4,-10.4;-20.5;-16.4;-35.2,33.5;255;255;255,1.9,3,2,QPSK,-,100,0,0,0,0.00,0.00,0.00,0.00,0,2,Rank 1,16,116,7,106,-,106,13,24.9,25,25,256QAM,0,SMDL,0,0,0,0.00,0.00,0.00,0.00,Rank 2,4,0,107,-,2 x 2,-,11483,-,-,-,-,-,-,-,-,-,-3,-18,-,-,107,-,1,6,-,-,-,-,-,-,-,-,-,-,-,-,-,-,-,-,-,-,-,585,8,30kHz,992,-,4,1,-,-,New trans.,0,0,256QAM,95,1,11483,560,3,0,0,Pass,0,QPSK,2,16,2,0,15,30kHz,Re trans.,-,701,
20260725 15:13:59.294,24.825743,102.852494,19.22,1947,3,1,0.00,0.00,,,,,,,1,SA,,,中国移动,-,6471196684,1579882,12,Normal,-,1,41,100,100,504990,-,238,513000,513000,30kHz,-,-,-,ms20,Connected,SA,-0.9,-3,1,-,75,-57.8,-10.4,31,2,-,-,6312,-21.1,-,-,-58;-59.3;-93.4;-66.5,-,32;29.4;255;255,28.3;24.8;255;255,-21.1;-23.9,0;2;3;1;4;0;1,497;238;238;238;238;560;558,-87.2;-57.4;-63.9;-68.4;-69.4;-94.8;-77.3,-20.1;-10.4;-10.4;-10.4;-10.4;-24.6;-20,255;255;255;255;255;255;255,1;0;0;0,504990;504990;504990;504990,238;558;497;560,2;1;0;0,-,4;1;1;1,-57.8;-79.1;-87.2;-94.8,-10.4;-20.7;-20.1;-24.6,31;255;255;255,1.9,3,2,QPSK,-,100,0,0,0,0.00,0.00,0.00,0.00,0,2,Rank 1,16,116,7,14,-,14,13,25,31,25,256QAM,0,SMDL,0,0,0,0.00,0.00,0.00,0.40,Rank 2,4,212,107,-,2 x 2,-,11483,-,-,-,-,-,-,-,-,-,-3,-17,-,-,107,-,1,6,-,-,-,-,-,-,-,-,-,-,-,-,-,-,-,-,-,-,-,585,8,30kHz,992,-,4,1,-,-,New trans.,0,0,256QAM,95,1,11483,641,12,0,4,Pass,0,QPSK,0,20,1,0,0,30kHz,Re trans.,-,701,
20260725 15:14:00.308,24.825778,102.852533,19.94,1948,3,1,0.00,0.00,,,,,,,1,SA,,,中国移动,-,6471196684,1579882,12,Normal,-,1,41,100,100,504990,-,238,513000,513000,30kHz,-,-,-,ms20,Connected,SA,-0.9,-3,1,-,76,-58,-10.4,31.6,2,-,-,6312,-20.9,-,-,-56.9;-59.9;-92.3;-66.1,-,30.3;32.1;255;255,25.1;23.3;255;255,-20.9;-25.3,0;2;3;1;4;0;1,497;238;238;238;238;560;558,-84.3;-56.4;-60.6;-66.4;-67.4;-156;-75.8,-20.8;-10.4;-10.4;-10.4;-10.4;-43;-19.5,255;255;255;255;255;255;255,1;0;0;0,504990;504990;504990;504990,238;558;497;560,2;1;0;0,-,4;1;1;1,-58;-77.3;-84.3;-156,-10.4;-20.1;-20.8;-43,31.6;255;255;255,1.9,3,2,QPSK,-,100,0,0,0,0.00,0.00,0.00,0.00,0,2,Rank 1,16,116,2,106,-,106,13,24.7,25,25,256QAM,0,SMDL,0,0,0,0.00,0.00,0.00,0.02,Rank 2,4,12,53,-,2 x 2,-,11483,-,-,-,-,-,-,-,-,-,-3,-17,-,-,53,-,1,1,-,-,-,-,-,-,-,-,-,-,-,-,-,-,-,-,-,-,-,738,18,30kHz,992,-,4,1,-,-,New trans.,0,0,256QAM,131,1,11483,713,13,0,0,Pass,1,QPSK,2,16,2,0,15,30kHz,Re trans.,-,701,
20260725 15:14:01.323,24.825814,102.852574,20.52,1948,3,1,0.00,0.00,,,,,,,1,SA,,,中国移动,-,6471196684,1579882,12,Normal,-,1,41,100,100,504990,-,238,513000,513000,30kHz,-,-,-,ms20,Connected,SA,-0.9,-3,1,-,77,-59.4,-10.4,30.2,2,-,-,6312,-23,-,-,-58.7;-60.6;-100.9;-71.9,-,28.1;29.7;255;255,24.7;21.5;255;255,-23;-24,0;2;3;1;4;0;1,497;238;238;238;238;560;558,-85.2;-57.9;-61.9;-68;-69.4;-154;-78.1,-19.5;-10.4;-10.4;-10.4;-10.4;-42.4;-19.8,255;255;255;255;255;255;255,1;0;0;0,504990;504990;504990;504990,238;558;497;560,2;1;0;0,-,4;1;1;1,-59.4;-79.8;-85.2;-154,-10.4;-20.5;-19.5;-42.4,30.2;255;255;255,1.3,2,2,QPSK,-,100,0,0,0,0.00,0.00,0.00,0.00,0,2,Rank 1,17,52,1,69,-,69,13,25,31,25,256QAM,0,SMDL,0,0,0,0.00,0.00,0.00,0.37,Rank 2,4,200,53,-,2 x 2,-,11483,-,-,-,-,-,-,-,-,-,-2,-15,-,-,53,-,1,1,-,-,-,-,-,-,-,-,-,-,-,-,-,-,-,-,-,-,-,910,18,30kHz,992,-,4,1,-,-,New trans.,0,0,256QAM,95,1,11483,889,2,0,0,Pass,1,QPSK,0,16,1,0,15,30kHz,Re trans.,-,226,
20260725 15:14:02.336,24.825852,102.852612,20.70,1948,3,1,0.00,0.00,,,,,,,1,SA,,,中国移动,-,6471196684,1579882,12,Normal,-,1,41,100,100,504990,-,238,513000,513000,30kHz,-,-,-,ms20,Connected,SA,-0.9,-3,1,-,77,-59.5,-10.3,31.5,2,-,-,6312,-21.6,-,-,-57.5;-59.5;-103.7;-67.9,-,29.4;27.6;255;255,25.7;22;255;255,-21.6;-24.5,0;2;3;1;4;0;1;7,497;238;238;238;238;560;558;496,-88;-58;-61.5;-68;-68.9;-156;-77.9;-132,-21.6;-10.3;-10.3;-10.4;-10.4;-43;-20;-35.1,255;255;255;255;255;255;255;255,1;0;0;0;0,504990;504990;504990;504990;504990,238;558;497;496;560,2;1;0;7;0,-,4;1;1;1;1,-59.5;-78.7;-88;-132;-156,-10.3;-20.2;-21.6;-35.1;-43,31.5;255;255;255;255,1,2,2,QPSK,-,100,0,0,0,0.00,0.00,0.00,0.00,0,2,Rank 1,17,68,2,106,-,106,13,25,31,25,256QAM,0,SMDL,0,0,0,0.00,0.00,0.01,0.79,Rank 2,4,420,105,-,2 x 2,-,11483,-,-,-,-,-,-,-,-,-,-1,-15,-,-,105,-,1,2,-,-,-,-,-,-,-,-,-,-,-,-,-,-,-,-,-,-,-,1012,8,30kHz,944,-,4,1,-,-,New trans.,0,0,256QAM,184,1,11483,1007,13,0,0,Pass,1,QPSK,2,16,2,0,15,30kHz,Re trans.,-,295,
20260725 15:14:03.348,24.825888,102.852653,20.66,1948,3,1,0.00,0.00,,,,,,,1,SA,,,中国移动,-,6471196684,1579882,12,Normal,-,1,41,100,100,504990,-,238,513000,513000,30kHz,-,-,-,ms20,Connected,SA,-0.9,-4,1,-,77,-58.4,-10.3,31.5,2,-,-,6312,-22.1,-,-,-56.8;-59.6;-107.7;-69.6,-,30;32.1;255;255,20;20.9;255;255,-22.1;-24.9,0;2;3;1;4;7;1,497;238;238;238;238;496;558,-81.2;-57.4;-59.3;-67;-68.2;-134.5;-76.3,-18.6;-10.3;-10.3;-10.4;-10.4;-36.3;-19.9,255;255;255;255;255;255;255,1;0;0;0,504990;504990;504990;504990,238;558;497;496,2;1;0;7,-,4;1;1;1,-58.4;-78.4;-81.2;-134.5,-10.3;-20.7;-18.6;-36.3,31.5;255;255;255,1,2,2,QPSK,-,100,0,0,0,0.00,0.00,0.00,0.00,0,2,Rank 1,17,68,3,106,-,106,13,24.8,31,25,256QAM,0,SMDL,0,0,0,0.00,0.00,0.02,0.53,Rank 2,4,284,96,-,2 x 2,-,11483,-,-,-,-,-,-,-,-,-,1,-15,-,-,96,-,1,2,-,-,-,-,-,-,-,-,-,-,-,-,-,-,-,-,-,-,-,85,19,30kHz,944,-,4,1,-,-,New trans.,0,0,256QAM,107,1,11483,85,13,0,0,Pass,0,QPSK,2,16,2,0,15,30kHz,Re trans.,-,295,
20260725 15:14:04.361,24.825923,102.852693,19.76,1948,3,1,0.00,0.00,,,,,,,1,SA,,,中国移动,-,6471196684,1579882,12,Normal,-,1,41,100,100,504990,-,238,513000,513000,30kHz,-,-,-,ms20,Connected,SA,-0.9,-5,1,-,78,-57.7,-10.4,27.9,2,-,-,6312,-21.4,-,-,-59.3;-59.8;-100;-65.4,-,26.3;25.5;255;255,18.7;19.3;255;255,-21.4;-24.1,0;2;3;1;4;7;1,497;238;238;238;238;496;558,-82.6;-58;-57.7;-66.2;-67.2;-109.8;-75.9,-19.9;-10.4;-10.4;-10.5;-10.4;-27.6;-19.9,255;255;255;255;255;255;255,1;0;0;0,504990;504990;504990;504990,238;558;497;496,2;1;0;7,-,4;1;1;1,-57.7;-77;-82.6;-109.8,-10.4;-20.3;-19.9;-27.6,27.9;255;255;255,1,2,2,QPSK,-,100,0,0,0,0.00,0.00,0.00,0.00,0,2,Rank 1,17,68,3,106,-,106,12,25.1,31,25,256QAM,0,SMDL,0,0,0,0.00,0.00,0.02,0.31,Rank 2,4,168,96,-,2 x 2,-,11483,-,-,-,-,-,-,-,-,-,4,-13,-,-,96,-,1,2,-,-,-,-,-,-,-,-,-,-,-,-,-,-,-,-,-,-,-,154,19,30kHz,944,-,4,1,-,-,New trans.,0,0,256QAM,175,1,11483,129,13,0,0,Pass,1,QPSK,2,16,2,0,15,30kHz,Re trans.,-,295,
20260725 15:14:05.373,24.825955,102.852734,19.55,1948,3,1,0.00,0.00,,,,,,,1,SA,,,中国移动,-,6471196684,1579882,12,Normal,-,1,41,100,100,504990,-,238,513000,513000,30kHz,-,-,-,ms20,Connected,SA,-0.9,-5,1,-,79,-60.1,-10.4,27.6,2,-,-,6312,-24.8,-,-,-59.6;-58.4;-103;-64.9,-,23.5;24.3;255;255,20;20.6;255;255,-24.8;-25.4,0;2;3;1;4;7;4,497;238;238;238;238;496;558,-132.4;-59.6;-60.5;-67.9;-68.4;-133.6;-79,-35.5;-10.4;-10.4;-10.6;-10.4;-35.5;-20.7,255;255;255;255;255;255;255,1;0;0;0,504990;504990;504990;504990,238;558;497;496,2;4;0;7,-,4;1;1;1,-60.1;-79.4;-132.4;-133.6,-10.4;-20.8;-35.5;-35.5,27.6;255;255;255,2,2,2,QPSK,-,100,0,0,0,0.00,0.00,0.00,0.00,0,2,Rank 1,16,48,2,106,-,106,13,24.7,31,25,256QAM,0,SMDL,0,0,0,0.00,0.00,0.02,0.67,Rank 2,4,368,109,-,2 x 2,-,11483,-,-,-,-,-,-,-,-,-,4,-12,-,-,109,-,1,2,-,-,-,-,-,-,-,-,-,-,-,-,-,-,-,-,-,-,-,292,8,30kHz,992,-,4,1,-,-,New trans.,0,0,256QAM,140,1,11483,287,13,0,0,Pass,0,QPSK,2,16,2,0,15,30kHz,Re trans.,-,318,
20260725 15:14:06.387,24.825987,102.852775,19.33,1949,3,1,0.00,0.00,,,,,,,1,SA,,,中国移动,-,6471196684,1579882,12,Normal,-,1,41,100,100,504990,-,238,513000,513000,30kHz,-,-,-,ms20,Connected,SA,-0.9,-3,1,-,79,-64.5,-10.4,21.7,2,-,-,6312,-29.1,-,-,-66.2;-64.7;-102.7;-74.8,-,14.5;22.6;255;255,18.6;21.7;255;255,-31.1;-29.1,0;2;3;1;4;7;1,497;238;238;238;238;496;558,-81;-64.5;-64.5;-72.7;-74.2;-87.8;-81.3,-13.2;-10.4;-10.4;-11.1;-10.6;-17.7;-19.3,255;255;255;255;255;255;255,1;0;0;0,504990;504990;504990;504990,238;497;558;496,2;0;1;7,-,4;1;1;1,-64.5;-81;-82.6;-87.8,-10.4;-13.2;-19.9;-17.7,21.7;255;255;255,2,2,2,QPSK,-,100,0,0,0,0.00,0.00,0.00,0.00,0,2,Rank 1,16,48,2,106,-,106,13,24.9,25,25,256QAM,0,SMDL,0,0,0,0.00,0.00,0.02,0.06,Rank 2,4,32,109,-,2 x 2,-,11483,-,-,-,-,-,-,-,-,-,3,-6,-,-,109,-,1,2,-,-,-,-,-,-,-,-,-,-,-,-,-,-,-,-,-,-,-,316,9,30kHz,992,-,4,1,-,-,New trans.,0,0,256QAM,119,1,11483,287,13,0,0,Pass,0,QPSK,2,16,2,0,15,30kHz,Re trans.,-,318,
20260725 15:14:07.398,24.826018,102.852817,19.69,1949,3,1,0.00,0.00,,,,,,,1,SA,,,中国移动,-,6471196684,1579882,12,Normal,-,1,41,100,100,504990,-,238,513000,513000,30kHz,-,-,-,ms20,Connected,SA,-0.9,-3,1,-,82,-61,-10.4,21.9,2,-,-,6312,-24.6,-,-,-59.9;-64.5;-103.2;-69.5,-,23.1;20.2;255;255,20.3;19.7;255;255,-24.6;-27.3,1;2;3;1;4;7;4;5,497;238;238;238;238;496;558;237,-72.3;-61;-60.6;-68.9;-68.9;-83.8;-79.5;-83.4,-15.8;-10.4;-10.4;-11.4;-10.4;-19.1;-20.6;-20.3,255;255;255;255;255;255;255;255,1;0;0;0;0,504990;504990;504990;504990;504990,238;497;558;237;496,2;1;4;5;7,-,4;1;1;1;1,-61;-72.4;-79;-83.4;-83.8,-10.4;-15.8;-20.6;-20.3;-19.1,21.9;255;255;255;255,2,2,2,QPSK,-,100,0,0,0,0.00,0.00,0.00,0.00,0,2,Rank 1,16,48,1,69,-,69,11,24.8,25,25,256QAM,0,SMDL,0,0,0,0.00,0.00,0.01,0.22,Rank 2,4,372,37,-,2 x 2,-,11483,-,-,-,-,-,-,-,-,-,3,-9,-,-,37,-,1,1,-,-,-,-,-,-,-,-,-,-,-,-,-,-,-,-,-,-,-,453,8,30kHz,944,-,4,1,-,-,New trans.,0,0,256QAM,115,1,11483,428,4,0,0,Pass,0,QPSK,0,16,1,0,15,30kHz,Re trans.,-,318,
20260725 15:14:08.406,24.826050,102.852858,19.33,1949,3,1,0.00,0.00,,,,,,,1,SA,,,中国移动,-,6471196684,1579882,12,Normal,-,1,41,100,100,504990,-,238,513000,513000,30kHz,-,-,-,ms20,Connected,SA,-0.9,-3,1,-,78,-59.6,-10.4,28.8,2,-,-,6312,-24.8,-,-,-59.3;-60.9;-100.8;-63.6,-,27.2;26.4;255;255,22.4;21.3;255;255,-26.1;-24.8,1;2;3;1;4;6;1;5;6,497;238;238;238;238;496;558;237;239,-88.2;-59.2;-60.8;-67.6;-67.7;-119;-76.7;-82.7;-86.9,-23;-10.4;-10.4;-10.5;-10.4;-29.8;-19.3;-20.1;-17,255;255;255;255;255;255;255;255;255,1;0;0;0;0;0,504990;504990;504990;504990;504990;504990,238;558;237;239;497;496,2;1;5;6;1;6,-,4;1;1;1;1;1,-59.6;-77.7;-82.7;-86.9;-88.6;-118.2,-10.4;-20;-20.1;-17;-22.7;-29.7,28.8;255;255;255;255;255,0,0,0,QPSK,-,100,0,0,0,0.00,0.00,0.00,0.00,0,1,Rank 1,16,48,2,69,-,69,11,25,31,25,256QAM,0,SMDL,0,0,0,0.00,0.00,0.01,0.70,Rank 2,4,460,93,-,4 x 4,-,11483,-,-,-,-,-,-,-,-,-,3,-11,-,-,93,-,1,2,-,-,-,-,-,-,-,-,-,-,-,-,-,-,-,-,-,-,-,597,8,30kHz,944,-,4,1,-,-,New trans.,0,0,256QAM,123,2,11483,572,3,0,0,Pass,1,QPSK,0,16,1,0,15,30kHz,Re trans.,-,207,
20260725 15:14:09.413,24.826082,102.852897,19.08,1949,3,1,0.00,0.00,,,,,,,1,SA,,,中国移动,-,6471196684,1579882,12,Normal,-,1,41,100,100,504990,-,238,513000,513000,30kHz,-,-,-,ms20,Connected,SA,-0.9,-4,1,-,80,-61.6,-10.4,24.3,2,-,-,6312,-24.6,-,-,-64.1;-62.5;-106.8;-66.2,-,27.3;23.6;255;255,13.4;15.9;255;255,-24.6;-28.3,0;2;3;4;1;6;1;5;6,497;238;238;238;238;496;558;237;239,-93.4;-61.3;-61.7;-71.3;-71.9;-102.6;-80;-85.6;-94.6,-19.2;-10.4;-10.4;-10.5;-10.8;-24.5;-19.6;-20.9;-22.2,255;255;255;255;255;255;255;255;255,1;0;0;0;0;0,504990;504990;504990;504990;504990;504990,238;558;237;239;497;496,2;1;5;6;0;6,-,4;1;1;1;1;1,-61.6;-81.7;-85.6;-91;-92.1;-102.6,-10.4;-20.5;-20.9;-21.5;-18.8;-24.5,24.3;255;255;255;255;255,3.7,15,1,QPSK,-,77.8,11.1,11.1,0,0.06,0.06,0.07,0.07,0,2,Rank 1,27,496,18,106,-,106,13,24.9,25,25,256QAM,0,SMDL,0,0,0,0.03,0.03,0.00,0.86,Rank 2,4,276,150,-,2 x 2,-,11483,-,-,-,-,-,-,-,-,-,1,-8,-,-,150,-,1,18,-,-,-,-,-,-,-,-,-,-,-,-,-,-,-,-,-,-,-,698,19,30kHz,944,-,4,1,-,-,New trans.,0,0,256QAM,185,1,11483,687,13,0,0,Pass,1,QPSK,2,16,2,0,15,30kHz,Re trans.,-,11832,
20260725 15:14:10.427,24.826112,102.852935,17.89,1949,3,1,0.00,0.00,,,,,,,1,SA,,,中国移动,-,6471196684,1579882,12,Normal,-,1,41,100,100,504990,-,238,513000,513000,30kHz,-,-,-,ms20,Connected,SA,-0.9,-3,1,-,81,-61.8,-10.4,24.8,2,-,-,6312,-24.3,-,-,-59.8;-62.3;-112.3;-71.3,-,24.6;24.2;255;255,11.6;10.7;255;255,-24.3;-26.9,0;2;3;4;1;6;4;5;5,497;238;238;238;238;496;558;237;239,-91.6;-60.6;-64.9;-70.7;-72;-155.9;-80.2;-137.5;-90.5,-23.3;-10.4;-10.4;-10.4;-10.7;-43;-20.7;-37.4;-22.9,255;255;255;255;255;255;255;255;255,1;0;0;0;0;0,504990;504990;504990;504990;504990;504990,238;558;239;497;237;496,2;4;5;0;5;6,-,4;1;1;1;1;1,-61.8;-81.3;-85.6;-86.6;-137.5;-155.9,-10.4;-20.6;-21;-22.2;-37.4;-43,24.8;255;255;255;255;255,3.7,15,1,QPSK,-,77.8,11.1,11.1,0,0.00,0.00,0.02,0.02,0,2,Rank 1,27,496,2,14,-,14,13,24.9,25,25,256QAM,0,SMDL,0,0,0,0.00,0.00,0.08,0.52,Rank 2,4,276,64,-,2 x 2,-,11483,-,-,-,-,-,-,-,-,-,4,-8,-,-,64,-,1,1,-,-,-,-,-,-,-,-,-,-,-,-,-,-,-,-,-,-,-,712,18,30kHz,992,-,4,1,-,-,New trans.,0,0,256QAM,135,1,11483,769,12,0,4,Pass,0,QPSK,0,20,1,0,0,30kHz,Re trans.,-,11832,
20260725 15:14:11.440,24.826143,102.852971,17.82,1949,3,1,0.00,0.00,,,,,,,1,SA,,,中国移动,-,6471196684,1579882,12,Normal,-,1,41,100,100,504990,-,238,513000,513000,30kHz,-,-,-,ms20,Connected,SA,-0.9,-3,1,-,81,-61.8,-10.4,23.4,2,-,-,6312,-28.3,-,-,-64;-62.2;-110.3;-77.9,-,23.5;23;255;255,14.1;13.8;255;255,-28.4;-28.3,0;2;3;1;4;6;4;5;6,497;238;238;238;238;496;558;237;239,-140;-61.6;-62.2;-70.3;-70;-150.9;-79.2;-155.3;-90.4,-37.2;-10.4;-10.4;-10.4;-10.5;-41.3;-20.6;-42.8;-21.3,255;255;255;255;255;255;255;255;255,1;0;0;0;0;0,504990;504990;504990;504990;504990;504990,238;558;239;497;496;237,2;4;6;0;6;5,-,4;1;1;1;1;1,-61.8;-80.5;-90.4;-131.5;-150.9;-155.3,-10.4;-20.4;-21.3;-34.7;-41.3;-42.8,23.4;255;255;255;255;255,3.7,15,1,QPSK,-,77.8,11.1,11.1,0,0.00,0.00,0.00,0.00,0,2,Rank 1,27,496,2,14,-,14,13,24.6,31,25,256QAM,0,SMDL,0,0,0,0.00,0.00,0.08,0.26,Rank 2,4,140,64,-,2 x 2,-,11483,-,-,-,-,-,-,-,-,-,3,-9,-,-,64,-,1,1,-,-,-,-,-,-,-,-,-,-,-,-,-,-,-,-,-,-,-,853,18,30kHz,992,-,4,1,-,-,New trans.,0,0,256QAM,144,1,11483,833,12,0,4,Pass,0,QPSK,0,20,1,0,0,30kHz,Re trans.,-,11832,
20260725 15:14:12.452,24.826175,102.853005,17.35,1949,3,1,0.00,0.00,,,,,,,1,SA,,,中国移动,-,6471196684,1579882,12,Normal,-,1,41,100,100,504990,-,238,513000,513000,30kHz,-,-,-,ms20,Connected,SA,-0.9,-4,1,-,87,-66,-10.4,21.6,2,-,-,6312,-27.1,-,-,-76.9;-74.8;-100.2;-71.9,-,22.7;23.4;255;255,11.1;14.1;255;255,-27.1;-27.4,1;2;3;4;7;6;1;5;6,497;238;238;238;238;532;558;237;239,-132.3;-66.2;-65.9;-72.7;-79.6;-148;-83.6;-99.1;-148.6,-34.2;-10.4;-10.4;-10.7;-10.9;-40.1;-19.4;-21.2;-40.4,255;255;255;255;255;255;255;255;255,1;0;0;0;0;0,504990;504990;504990;504990;504990;504990,238;558;237;497;532;239,2;1;5;1;6;6,-,4;1;1;1;1;1,-66;-83.5;-99.1;-132.3;-148;-148.6,-10.4;-20.2;-21.2;-34.2;-40.1;-40.4,21.6;255;255;255;255;255,1.3,2,2,QPSK,-,100,0,0,0,0.00,0.00,0.00,0.00,0,2,Rank 1,17,104,4,106,-,106,13,24.9,25,25,256QAM,0,SMDL,0,0,0,0.00,0.00,0.01,0.40,Rank 2,4,212,54,-,2 x 2,-,11483,-,-,-,-,-,-,-,-,-,3,-8,-,-,54,-,1,3,-,-,-,-,-,-,-,-,-,-,-,-,-,-,-,-,-,-,-,995,18,30kHz,992,-,4,1,-,-,New trans.,0,0,256QAM,189,1,11483,985,13,0,0,Pass,0,QPSK,2,16,2,0,15,30kHz,Re trans.,-,452,
20260725 15:14:13.464,24.826211,102.853031,16.78,1949,3,1,0.00,0.00,,,,,,,1,SA,,,中国移动,-,6471196684,1579882,12,Normal,-,1,41,100,100,504990,-,238,513000,513000,30kHz,-,-,-,ms20,Connected,SA,-0.9,-4,1,-,89,-67.7,-10.4,22.8,3,-,-,6312,-36.6,-,-,-66.5;-76.6;-106;-69.2,-,20.9;31.4;255;255,20;22.8;255;255,-36.6;-37,1;3;2;0;4;7;1,497;238;238;238;238;239;558,-86.4;-66.9;-70.4;-79.9;-75.9;-88;-87.9,-16.9;-10.4;-10.5;-11.3;-10.6;-16.4;-19.9,255;255;255;255;255;255;255,1;0;0;0,504990;504990;504990;504990,238;497;558;239,3;1;1;7,-,4;1;1;1,-67.7;-86.4;-87.2;-89.5,-10.4;-16.9;-20;-17.1,22.8;255;255;255,1.5,2,2,QPSK,-,100,0,0,0,0.00,0.00,0.00,0.00,0,2,Rank 1,16,32,2,69,-,69,13,24.8,25,25,256QAM,0,SMDL,0,0,0,0.00,0.00,0.00,0.57,Rank 2,4,192,104,-,2 x 2,-,11483,-,-,-,-,-,-,-,-,-,3,0,-,-,104,-,1,2,-,-,-,-,-,-,-,-,-,-,-,-,-,-,-,-,-,-,-,82,8,30kHz,944,-,4,1,-,-,New trans.,0,0,256QAM,106,1,11483,71,13,0,0,Pass,0,QPSK,0,16,1,0,15,30kHz,Re trans.,-,172,
20260725 15:14:14.471,24.826248,102.853044,15.98,1949,3,1,0.00,0.00,,,,,,,1,SA,,,中国移动,-,6471196684,1579882,12,Normal,-,1,41,100,100,504990,-,238,513000,513000,30kHz,-,-,-,ms20,Connected,SA,-0.9,-4,1,-,86,-67.4,-10.4,24.2,3,-,-,6312,-34.3,-,-,-81.5;-64.9;-115.3;-75.8,-,18.6;28.7;255;255,20.4;17.6;255;255,-34.3;-35.1,1;3;2;4;1;5;4,497;238;238;238;238;239;558,-136.3;-67.4;-67.7;-72;-73;-105.1;-82.5,-35.4;-10.4;-10.3;-10.5;-10.5;-22.1;-20.9,255;255;255;255;255;255;255,1;0;0;0,504990;504990;504990;504990,238;558;239;497,3;4;5;1,-,4;1;1;1,-67.4;-82.7;-89.6;-136.3,-10.4;-20.3;-17;-35.4,24.2;255;255;255,1.5,2,2,QPSK,-,100,0,0,0,0.00,0.00,0.00,0.00,0,2,Rank 1,16,32,2,106,-,106,13,24.9,25,25,256QAM,0,SMDL,0,0,0,0.00,0.00,0.00,0.36,Rank 2,4,328,104,-,2 x 2,-,11483,-,-,-,-,-,-,-,-,-,2,-1,-,-,104,-,1,2,-,-,-,-,-,-,-,-,-,-,-,-,-,-,-,-,-,-,-,133,19,30kHz,992,-,4,1,-,-,New trans.,0,0,256QAM,133,1,11483,107,13,0,0,Pass,1,QPSK,2,16,2,0,15,30kHz,Re trans.,-,172,
20260725 15:14:15.483,24.826285,102.853042,15.34,1949,3,1,0.00,0.00,,,,,,,1,SA,,,中国移动,-,6471196684,1579882,12,Normal,-,1,41,100,100,504990,-,238,513000,513000,30kHz,-,-,-,ms20,Connected,SA,-0.9,-4,1,-,89,-67.6,-10.4,21.1,3,-,-,6312,-35.4,-,-,-82;-69.2;-110.3;-74.2,-,18.6;23.5;255;255,18.7;19.5;255;255,-45.6;-35.4,1;3;2;4;0;5,558;238;238;238;238;239,-82.3;-67.4;-71.1;-74.5;-76.9;-93.3,-19.9;-10.4;-10.4;-10.5;-10.5;-18.6,255;255;255;255;255;255,1;0;0,504990;504990;504990,238;558;239,3;1;5,-,4;1;1,-67.6;-82.1;-91.6,-10.4;-20.2;-18.9,21.1;255;255,1,2,2,QPSK,-,100,0,0,0,0.00,0.00,0.00,0.00,0,2,Rank 1,16,48,3,66,-,66,13,24.8,25,25,256QAM,0,SMDL,0,0,0,0.00,0.00,0.00,0.61,Rank 2,4,84,102,-,2 x 2,-,11483,-,-,-,-,-,-,-,-,-,4,-1,-,-,102,-,1,3,-,-,-,-,-,-,-,-,-,-,-,-,-,-,-,-,-,-,-,275,9,30kHz,992,-,4,1,-,-,New trans.,0,0,256QAM,164,1,11483,263,13,0,0,Pass,0,QPSK,1,16,2,0,15,30kHz,Re trans.,-,241,
20260725 15:14:16.495,24.826320,102.853031,15.05,1949,3,1,0.00,0.00,,,,,,,1,SA,,,中国移动,-,6471196684,1579882,12,Normal,-,1,41,100,100,504990,-,238,513000,513000,30kHz,-,-,-,ms20,Connected,SA,-0.9,-3,1,-,92,-63.8,-10.4,23.7,2,-,-,6312,-26.6,-,-,-72.7;-75.7;-107;-74.6,-,28.4;25.6;255;255,20;20.8;255;255,-37.1;-26.6,1;2;1;3;0;5;5,558;238;238;238;238;239;237,-79.4;-64;-65.2;-70.2;-74;-118;-96.3,-19.6;-10.4;-10.4;-10.5;-10.5;-27.9;-20.6,255;255;255;255;255;255;255,1;0;0;0,504990;504990;504990;504990,238;558;237;239,2;1;5;5,-,4;1;1;1,-63.8;-80.2;-96.3;-118.4,-10.4;-19.7;-20.6;-28.4,23.7;255;255;255,1,2,2,QPSK,-,100,0,0,0,0.00,0.00,0.00,0.00,0,2,Rank 1,16,48,3,66,-,66,13,25,25,25,256QAM,0,SMDL,0,0,0,0.00,0.00,0.00,0.16,Rank 2,4,92,102,-,2 x 2,-,11483,-,-,-,-,-,-,-,-,-,6,-1,-,-,102,-,1,3,-,-,-,-,-,-,-,-,-,-,-,-,-,-,-,-,-,-,-,291,19,30kHz,992,-,4,1,-,-,New trans.,0,0,256QAM,107,1,11483,263,13,0,0,Pass,0,QPSK,1,16,2,0,15,30kHz,Re trans.,-,241,
20260725 15:14:17.508,24.826391,102.852994,15.95,1950,3,1,0.00,0.00,,,,,,,1,SA,,,中国移动,-,6471196684,1579882,12,Normal,-,1,41,100,100,504990,-,238,513000,513000,30kHz,-,-,-,ms20,Connected,SA,-0.9,-3,1,-,92,-66.8,-10.4,27.3,2,-,-,6312,-32.8,-,-,-68.8;-64.5;-108.7;-78.7,-,25.7;28.5;19;21.9,17.6;22.8;255;255,-38.9;-32.8,1;2;3;1;6;5;5,558;238;238;238;238;239;237,-75.3;-68;-71.1;-66.4;-73.9;-102.1;-108.5,-19.9;-10.4;-10.5;-10.4;-10.6;-21.9;-25.8,255;255;255;255;255;255;255,1;0;0;0,504990;504990;504990;504990,238;558;239;237,2;1;5;5,-,4;1;1;1,-66.8;-75.4;-102;-108.5,-10.4;-19.9;-21.8;-25.8,27.3;255;255;255,1,2,2,QPSK,-,100,0,0,0,0.00,0.00,0.00,0.00,0,2,Rank 1,16,48,3,66,-,66,12,25,25,25,256QAM,0,SMDL,0,0,0,0.00,0.00,0.00,0.17,Rank 2,4,0,102,-,2 x 2,-,11483,-,-,-,-,-,-,-,-,-,6,2,-,-,102,-,1,3,-,-,-,-,-,-,-,-,-,-,-,-,-,-,-,-,-,-,-,291,19,30kHz,992,-,4,1,-,-,New trans.,0,0,256QAM,107,1,11483,263,13,0,0,Pass,0,QPSK,1,16,2,0,15,30kHz,Re trans.,-,241,
20260725 15:14:18.518,24.826428,102.852975,16.52,1950,3,1,0.00,0.00,,,,,,,1,SA,,,中国移动,-,6471196684,1579882,12,Normal,-,1,41,100,100,504990,-,238,513000,513000,30kHz,-,-,-,ms20,Connected,SA,-0.9,-3,1,-,90,-69.7,-10.4,22.2,2,-,-,6312,-38.9,-,-,-78.6;-71.7;-111;-70.5,-,16.7;22.2;255;255,18.7;18.5;255;255,-39.4;-38.9,1;2;1;3;0;5,558;238;238;238;238;239,-77.7;-71;-69.7;-74.5;-74.5;-90.4,-20.3;-10.4;-10.4;-10.5;-10.5;-17.6,255;255;255;255;255;255,1;0;0,504990;504990;504990,238;558;239,2;1;5,-,4;1;1,-69.7;-77.8;-90.4,-10.4;-20.3;-17.6,22.2;255;255,1,2,2,QPSK,-,100,0,0,0,0.00,0.00,0.00,0.00,0,2,Rank 1,16,48,1,66,-,66,13,24.9,31,25,256QAM,0,SMDL,0,0,0,0.00,0.00,0.00,0.00,Rank 2,4,364,44,-,2 x 2,-,11483,-,-,-,-,-,-,-,-,-,6,6,-,-,44,-,1,1,-,-,-,-,-,-,-,-,-,-,-,-,-,-,-,-,-,-,-,531,19,30kHz,992,-,4,1,-,-,New trans.,0,0,256QAM,119,1,11483,506,13,0,0,Pass,0,QPSK,1,16,2,0,15,30kHz,Re trans.,-,241,
20260725 15:14:19.526,24.826465,102.852956,16.81,1950,3,1,0.00,0.00,,,,,,,1,SA,,,中国移动,-,6471196684,1579882,12,Normal,-,1,41,100,100,504990,-,238,513000,513000,30kHz,-,-,-,ms20,Connected,SA,-0.9,-4,1,-,87,-68.4,-10.4,25.4,1,-,-,6312,-30.9,-,-,-67.7;-66.1;-109.4;-71.7,-,13.9;22.1;5.1;18.7,22.3;23.9;255;255,-34.5;-30.9,1;1;0;7;2;6;5;7,558;238;238;238;238;239;237;496,-76;-67.1;-70.7;-73.2;-72;-92.1;-119.4;-119.3,-19.7;-10.4;-10.4;-10.5;-10.4;-19.9;-30.2;-29.3,255;255;255;255;255;255;255;255,1;0;0;0;0,504990;504990;504990;504990;504990,238;558;239;496;237,1;1;6;7;5,-,4;1;1;1;1,-68.4;-76;-88.5;-119.3;-119.4,-10.4;-19.7;-19.8;-29.3;-30.2,25.4;255;255;255;255,2,5,5,QPSK,-,66.7,33.3,0,0,0.00,0.00,0.00,0.00,0,2,Rank 1,16,48,3,66,-,66,13,24.8,25,25,256QAM,0,SMDL,0,0,0,0.00,0.00,0.00,0.68,Rank 2,4,120,90,-,2 x 2,-,11483,-,-,-,-,-,-,-,-,-,3,3,-,-,90,-,1,3,-,-,-,-,-,-,-,-,-,-,-,-,-,-,-,-,-,-,-,684,18,30kHz,992,-,4,1,-,-,New trans.,0,0,256QAM,179,1,11483,666,14,0,0,Pass,1,QPSK,1,16,2,0,15,30kHz,Re trans.,-,396,
20260725 15:14:20.537,24.826465,102.852956,16.81,1950,3,1,0.00,0.00,,,,,,,1,SA,,,中国移动,-,6471196684,1579882,12,Normal,-,1,41,100,100,504990,-,238,513000,513000,30kHz,-,-,-,ms20,Connected,SA,-0.9,-3,1,-,88,-64.6,-10.4,24.8,1,-,-,6312,-31.1,-,-,-63.5;-72.5;-71.9;-75.1,-,14.4;16.5;18.1;21.7,24.9;21.6;24.7;21,-31.1;-48.8;-37.9;-32.5,1;1;7;0;2;6;5,558;238;238;238;238;239;237,-78.3;-68.3;-64.5;-64.5;-71.6;-81.5;-107.2,-19.8;-10.4;-10.4;-10.3;-10.4;-16;-27.1,255;255;255;255;255;255;255,1;0;0;0,504990;504990;504990;504990,238;558;239;237,1;1;6;5,-,4;1;1;1,-64.6;-78.2;-82;-89,-10.4;-19.8;-16.6;-20.4,24.8;255;255;255,1.2,5,1,QPSK,-,92.3,7.7,0,0,0.00,0.00,0.00,0.00,0,1,Rank 3,16,208,12,69,-,69,11,24.8,25,25,256QAM,0,SMDL,0,0,0,0.00,0.00,0.01,0.22,Rank 2,4,944,215,-,4 x 4,-,11483,-,-,-,-,-,-,-,-,-,0,0,-,-,215,-,1,12,-,-,-,-,-,-,-,-,-,-,-,-,-,-,-,-,-,-,-,780,19,30kHz,944,-,4,1,-,-,New trans.,0,0,256QAM,119,1,11483,777,14,0,0,Pass,0,QPSK,0,16,1,0,15,30kHz,Re trans.,-,1268,
20260725 15:14:21.551,24.826503,102.852938,16.31,1950,3,1,0.00,0.00,,,,,,,1,SA,,,中国移动,-,6471196684,1579882,12,Normal,-,1,41,100,100,504990,-,238,513000,513000,30kHz,-,-,-,ms20,Connected,SA,-0.9,-4,1,-,90,-68.3,-10.5,14.9,7,-,-,6312,-32,-,-,-66.4;-84.3;-75.2;-90.3,-,12;21.5;22.1;13.1,22.5;19.1;22.4;17.1,-32;-51.4;-35.8;-40.9,1;7;0;1;2;5;5,558;238;238;238;238;239;237,-78.6;-70;-67.8;-68.9;-75.7;-86;-84.5,-19.7;-10.6;-10.4;-10.5;-10.5;-17.2;-15.6,255;255;255;255;255;255;255,1;0;0;0,504990;504990;504990;504990,238;558;237;239,7;1;5;5,-,4;1;1;1,-68.3;-78.6;-84;-84.5,-10.5;-19.7;-15.6;-17.7,14.9;255;255;255,1.2,5,1,QPSK,-,92.3,7.7,0,0,0.00,0.00,0.01,0.01,0,1,Rank 3,16,208,12,106,-,106,12,24.8,31,25,256QAM,0,SMDL,0,0,0,0.00,0.00,0.01,1.76,Rank 2,4,268,215,-,4 x 4,-,11483,-,-,-,-,-,-,-,-,-,7,8,-,-,215,-,1,12,-,-,-,-,-,-,-,-,-,-,-,-,-,-,-,-,-,-,-,841,19,30kHz,992,-,4,1,-,-,New trans.,0,0,256QAM,159,1,11483,809,13,0,0,Pass,1,QPSK,2,16,2,0,15,30kHz,Re trans.,-,1268,
20260725 15:14:22.562,24.826579,102.852903,16.49,1950,3,1,0.00,0.00,,,,,,,1,SA,,,中国移动,-,6471196684,1579882,12,Normal,-,1,41,100,100,504990,-,238,513000,513000,30kHz,-,-,-,ms20,Connected,SA,-0.9,-4,1,-,81,-62.1,-10.4,34,0,-,-,6312,-32.1,-,-,-67;-57.2;-98;-68.8,-,35.5;30.7;24.6;30.1,29;30.7;17;27.4,-42.3;-35.9;-71.3;-32.1,1;0;6;1;7;5;5,558;238;238;238;238;239;237,-76.7;-61.4;-74.4;-68.5;-73.5;-90.2;-85.5,-19.7;-10.4;-10.8;-10.4;-10.5;-22.1;-16.9,255;255;255;255;255;255;255,1;0;0;0,504990;504990;504990;504990,238;558;237;239,0;1;5;5,-,4;1;1;1,-62.1;-76.7;-83;-88.4,-10.4;-19.7;-16.6;-21.6,34;255;255;255,0.7,2,0,QPSK,-,100,0,0,0,0.00,0.00,0.01,0.01,0,4,Rank 2,16,100,6,193,-,193,14,24.6,31,25,256QAM,0,SMDL,0,0,0,0.00,0.00,0.01,0.50,Rank 2,4,264,122,-,4 x 4,-,11483,-,-,-,-,-,-,-,-,-,2,2,-,-,122,-,1,5,-,-,-,-,-,-,-,-,-,-,-,-,-,-,-,-,-,-,-,981,18,30kHz,992,-,4,1,-,-,New trans.,0,0,256QAM,139,1,11483,966,11,0,0,Pass,1,QPSK,2,16,4,0,15,30kHz,Re trans.,-,520,
20260725 15:14:23.575,24.826618,102.852885,17.14,1950,3,1,0.00,0.00,,,,,,,1,SA,,,中国移动,-,6471196684,1579882,12,Normal,-,1,41,100,100,504990,-,238,513000,513000,30kHz,-,-,-,ms20,Connected,SA,-0.9,-3,1,-,84,-64.4,-10.4,21.3,0,-,-,6312,-31.1,-,-,-71.4;-62.6;-106.9;-74.2,-,22.9;19.2;17.4;24.4,17.5;18.7;15.6;15.7,-31.1;-39.6;-73.4;-31.9,1;0;1;7;6;5;4,558;238;238;238;238;237;239,-81.3;-63.9;-70.4;-76.5;-76.3;-148.4;-103.8,-19.8;-10.4;-10.5;-10.6;-10.8;-40.2;-25.8,255;255;255;255;255;255;255,1;0;0;0,504990;504990;504990;504990,238;558;239;237,0;1;4;5,-,4;1;1;1,-64.4;-80.5;-103.3;-148.3,-10.4;-19.6;-25.5;-40.2,21.3;255;255;255,1.4,2,2,QPSK,-,100,0,0,0,0.00,0.00,0.00,0.00,0,4,Rank 2,16,80,2,123,-,123,14,24.9,31,25,256QAM,0,SMDL,0,0,0,0.00,0.00,0.01,0.47,Rank 2,4,508,94,-,4 x 4,-,11483,-,-,-,-,-,-,-,-,-,6,1,-,-,94,-,1,2,-,-,-,-,-,-,-,-,-,-,-,-,-,-,-,-,-,-,-,60,8,30kHz,992,-,4,1,-,-,New trans.,0,0,256QAM,127,1,11483,43,13,0,0,Pass,1,QPSK,1,16,4,0,15,30kHz,Re trans.,-,771,
20260725 15:14:24.587,24.826656,102.852866,16.67,1949,3,1,0.00,0.00,,,,,,,1,SA,,,中国移动,-,6471196684,1579882,12,Normal,-,1,41,100,100,504990,-,238,513000,513000,30kHz,-,-,-,ms20,Connected,SA,-0.9,-4,1,-,86,-66,-10.4,36.7,0,-,-,6312,-25.8,-,-,-75.9;-64.6;-69.7;-84.5,-,30.1;33.1;34.5;29.3,18.1;20.7;19.4;16.9,-36.8;-33;-35.3;-25.8,1;0;1;7;3;5;6,558;238;238;238;238;237;239,-82.1;-65.4;-74;-76.8;-79.7;-120.9;-136.6,-19.7;-10.4;-10.4;-10.4;-10.7;-29.2;-35.4,255;255;255;255;255;255;255,1;0;0;0,504990;504990;504990;504990,238;558;237;239,0;1;5;6,-,4;1;1;1,-66;-82.1;-120.9;-136.5,-10.4;-19.7;-29.2;-35.3,36.7;255;255;255,1.4,2,2,QPSK,-,100,0,0,0,0.00,0.00,0.00,0.00,0,4,Rank 3,16,80,5,14,-,14,12,24.7,25,25,256QAM,0,SMDL,0,0,0,0.00,0.00,0.05,0.95,Rank 2,4,212,130,-,4 x 4,-,11483,-,-,-,-,-,-,-,-,-,6,2,-,-,130,-,1,5,-,-,-,-,-,-,-,-,-,-,-,-,-,-,-,-,-,-,-,127,8,30kHz,992,-,4,1,-,-,New trans.,0,0,256QAM,155,1,11483,151,10,0,4,Pass,0,QPSK,0,20,1,0,0,30kHz,Re trans.,-,771,
20260725 15:14:25.595,24.826694,102.852844,17.50,1949,3,1,0.00,0.00,,,,,,,1,SA,,,中国移动,-,6471196684,1579882,12,Normal,-,1,41,100,100,504990,-,238,513000,513000,30kHz,-,-,-,ms20,Connected,SA,-0.9,-5,1,-,90,-70.1,-10.4,28.3,0,-,-,6312,-31.1,-,-,-85.5;-66.1;-81.6;-75.1,-,26.7;25.6;25.6;18.2,17.8;17.3;13.9;14.2,-44.3;-39.4;-47;-31.1,1;0;2;5;3;4,558;238;238;238;238;239,-91.5;-69.8;-80.8;-84.6;-83.4;-97.8,-19.9;-10.4;-10.4;-10.7;-10.5;-21.3,255;255;255;255;255;255,1;0;0,504990;504990;504990,238;558;239,0;1;4,-,4;1;1,-70.1;-92.5;-98.4,-10.4;-20.3;-21.1,28.3;255;255,1,2,2,QPSK,-,100,0,0,0,0.00,0.00,0.01,0.01,0,4,Rank 2,17,52,1,123,-,123,14,24.2,25,24,256QAM,0,SMDL,0,0,0,0.00,0.00,0.01,0.39,Rank 2,4,44,22,-,4 x 4,-,11483,-,-,-,-,-,-,-,-,-,7,4,-,-,22,-,1,5,-,-,-,-,-,-,-,-,-,-,-,-,-,-,-,-,-,-,-,267,8,30kHz,944,-,4,1,-,-,New trans.,0,0,256QAM,149,1,11483,250,13,0,0,Pass,0,QPSK,1,16,4,0,15,30kHz,Re trans.,-,330,
20260725 15:14:26.607,24.826732,102.852823,16.92,1950,3,1,0.00,0.00,,,,,,,1,SA,,,中国移动,-,6471196684,1579882,12,Normal,-,1,41,100,100,504990,-,238,513000,513000,30kHz,-,-,-,ms20,Connected,SA,-0.9,-5,1,-,94,-73.9,-10.4,28.1,0,-,-,6312,-37.6,-,-,-85.2;-78.2;-81.5;-77.2,-,21.6;20.9;26;13.3,16.8;14.5;15;11.8,-39.9;-41.1;-45;-37.6,1;0;7;1;3;4,558;238;238;238;238;239,-92;-73.4;-86.9;-82.6;-86.7;-102.6,-19.7;-10.4;-10.6;-10.7;-10.5;-17.2,255;255;255;255;255;255,1;0;0,504990;504990;504990,238;558;239,0;1;4,-,4;1;1,-73.9;-92.7;-103.6,-10.4;-20;-17.9,28.1;255;255,1,2,2,QPSK,-,100,0,0,0,0.00,0.00,0.00,0.00,62.5,4,Rank 3,17,52,10,123,-,123,12,23.9,31,24,256QAM,0,SMDL,0,0,1.4,0.00,0.00,0.00,0.08,Rank 2,4,296,85,-,4 x 4,-,11483,-,-,-,-,-,-,-,-,-,8,5,-,-,85,-,1,10,-,-,-,-,-,-,-,-,-,-,-,-,-,-,-,-,-,-,-,357,8,30kHz,688,-,4,1,-,-,New trans.,0,0,64QAM,123,1,11483,299,13,0,0,Pass,0,QPSK,1,16,4,0,15,30kHz,Re trans.,-,330,
20260725 15:14:27.620,24.826769,102.852800,17.32,1950,3,1,0.00,0.00,,,,,,,1,SA,,,中国移动,-,6471196684,1579882,12,Normal,-,1,41,100,100,504990,-,238,513000,513000,30kHz,-,-,-,ms20,Connected,SA,-0.9,-5,1,-,98,-77,-10.5,14.8,0,-,-,6312,-37.1,-,-,-88.8;-82.8;-106.2;-81,-,17.8;13.8;255;255,10.7;7.9;255;255,-46.6;-37.1,1;0;1;7;3;4;4,558;238;238;238;238;239;835,-95.7;-76.7;-85.4;-85.9;-88;-134.1;-135.6,-21.1;-10.4;-10.6;-10.7;-10.6;-33.3;-33.8,255;255;255;255;255;255;255,1;0;0;0,504990;504990;504990;504990,238;558;239;835,0;1;4;4,-,4;1;1;1,-77;-96.6;-134.1;-135.6,-10.5;-20.7;-33.3;-33.8,14.8;255;255;255,11.7,28,1,QPSK,-,100,0,0,0,0.00,0.00,0.01,0.01,0,1,Rank 1,22,228,10,26,-,26,13,18,18,18,64QAM,0,SMDL,0,0,100,0.00,0.00,0.00,0.51,Rank 2,4,4,85,-,2 x 2,-,11483,-,-,-,-,-,-,-,-,-,9,7,-,-,85,-,1,10,-,-,-,-,-,-,-,-,-,-,-,-,-,-,-,-,-,-,-,465,19,30kHz,800,-,4,1,-,-,New trans.,0,0,256QAM,163,1,11483,456,7,0,0,Pass,1,QPSK,0,16,1,0,15,30kHz,Re trans.,-,1121,
20260725 15:14:28.627,24.826806,102.852777,16.63,1950,3,1,0.00,0.00,,,,,,,1,SA,,,中国移动,-,6471196684,1579882,12,Normal,-,1,41,100,100,504990,-,238,513000,513000,30kHz,-,-,-,ms20,Connected,SA,-0.9,-6,1,-,99,-80,-10.6,12.6,0,-,-,6312,-41.3,-,-,-89.1;-86;-87.6;-88.7,-,13.8;11;11.3;13.5,10.3;6.7;7.5;7.5,-47;-41.3;-54.8;-42.9,1;0;3;7;2;4;1,558;238;238;238;238;835;496,-92.7;-79.1;-86.2;-89.5;-89.6;-103;-92.8,-17.4;-10.6;-10.5;-11.1;-11.1;-20.6;-14.4,255;255;255;255;255;255;255,1;0;0;0,504990;504990;504990;504990,238;558;496;835,0;1;1;4,-,4;1;1;1,-80;-92.7;-92.8;-110.9,-10.6;-17.4;-14.4;-22.6,12.6;255;255;255,11.7,28,1,QPSK,-,100,0,0,0,0.00,0.00,0.00,0.00,0,1,Rank 3,22,228,4,123,-,123,11,19.7,31,19,64QAM,0,SMDL,0,0,56.9,0.00,0.00,0.02,0.01,Rank 2,4,288,37,-,4 x 4,-,11483,-,-,-,-,-,-,-,-,-,8,8,-,-,37,-,2,2,-,-,-,-,-,-,-,-,-,-,-,-,-,-,-,-,-,-,-,567,8,30kHz,512,-,4,1,-,-,New trans.,0,0,64QAM,167,2,11483,512,3,0,0,Pass,1,QPSK,1,16,4,0,15,30kHz,Re trans.,-,1121,
20260725 15:14:29.638,24.826841,102.852756,16.16,1950,3,1,0.00,0.00,,,,,,,1,SA,,,中国移动,-,6471196684,1579882,12,Normal,-,1,41,100,100,504990,-,238,513000,513000,30kHz,-,-,-,ms20,Connected,SA,-0.9,-5,1,-,106,-83.4,-11.8,11.4,0,-,-,6312,-50.6,-,-,-83.4;-94.6;-88.8;-88.2,-,5.2;4.9;7.1;6.9,3.7;2.6;-0.5;-0.5,-53;-57.5;-53.4;-50.6,1;0;3;7;1;2;0;2;5,558;238;238;238;238;560;496;497;835,-91.3;-82.5;-90.9;-91.5;-92.2;-97.7;-88.7;-90.2;-137.9,-16.6;-12.3;-11.1;-13.3;-15.8;-18.5;-15.5;-12.8;-34.7,255;255;255;255;255;255;255;255;255,1;0;0;0;0;0,504990;504990;504990;504990;504990;504990,238;496;558;497;560;835,0;0;1;2;2;5,-,4;1;1;1;1;1,-83.4;-88.8;-91.3;-92.1;-97.7;-137.9,-11.8;-14.7;-16.6;-12.6;-18.5;-34.7,11.4;255;255;255;255;255,12.7,28,28,QPSK,-,100,0,0,0,0.00,0.00,0.00,0.00,83.3,1,Rank 2,23,212,5,123,-,123,13,16.5,30,17,64QAM,0,SMDL,0,0,100,0.00,0.00,0.02,0.41,Rank 2,4,208,37,-,4 x 4,-,11483,-,-,-,-,-,-,-,-,-,11,13,-,-,37,-,2,5,-,-,-,-,-,-,-,-,-,-,-,-,-,-,-,-,-,-,-,671,19,30kHz,736,-,4,1,-,-,New trans.,0,0,64QAM,201,1,11483,662,12,0,0,Pass,1,QPSK,1,16,4,0,14,30kHz,Re trans.,-,847,
20260725 15:14:30.650,24.826876,102.852735,15.55,1950,3,1,0.00,0.00,,,,,,,1,SA,,,中国移动,-,6471196684,1579882,12,Normal,-,1,41,100,100,504990,-,238,513000,513000,30kHz,-,-,-,ms20,Connected,SA,-0.9,-6,1,-,104,-86.1,-12,12,0,-,-,6312,-47.9,-,-,-87.7;-90.9;-88.4;-89.4,-,4.8;7.3;9.1;12,0.5;-1.6;3.2;-1,-49.1;-61.8;-50.9;-47.9,1;0;1;3;4;2;7;2;5,558;238;238;238;238;560;496;497;835,-89;-84.6;-89.7;-94.5;-94.3;-96.3;-95.2;-93.3;-105.3,-13.1;-11.4;-13.8;-11.7;-12.5;-16.5;-15.1;-14.6;-19.3,255;255;255;255;255;255;255;255;255,1;0;0;0;0;0,504990;504990;504990;504990;504990;504990,238;558;497;496;560;835,0;1;2;7;2;5,-,4;1;1;1;1;1,-86.1;-89;-94.2;-95;-96.3;-105.3,-12;-13.1;-14.2;-16.7;-16.5;-19.3,12;255;255;255;255;255,0.2,1,0,QPSK,-,100,0,0,0,0.00,0.00,0.01,0.01,0,1,Rank 2,16,80,5,69,-,69,13,16.9,20,16,64QAM,0,SMDL,0,0,97.6,0.00,0.00,0.01,0.24,Rank 2,4,328,97,-,4 x 4,-,11483,-,-,-,-,-,-,-,-,-,11,10,-,-,97,-,2,5,-,-,-,-,-,-,-,-,-,-,-,-,-,-,-,-,-,-,-,770,19,30kHz,656,-,4,1,-,-,New trans.,0,0,64QAM,167,1,11483,759,14,0,0,Pass,1,QPSK,0,16,1,0,15,30kHz,Re trans.,-,399,
20260725 15:14:31.661,24.826876,102.852735,15.55,1950,3,1,0.00,0.00,,,,,,,1,SA,460,00,中国移动,4456484,6471196684,1579882,12,Normal,-,1,41,100,100,504990,-,496,513000,513000,30kHz,503172,1099,-,ms20,Connected,SA,-0.9,0,3,-58,112,-95,-13.2,-3.3,0,Not Barred,6,6312,-57.3,504990,496,-94.2;-100.4;0;0,-,-10.7;-0.3;2.1;1.2,6.3;7.2;6.1;4.1,-57.3;-61.3;-63.6;-61.1,1;0;2;0;1;7;2;2;3;3,558;238;560;496;496;496;496;497;835;495,-97.6;-97.2;-103.4;-93.5;-97.1;-96.9;-103.1;-95.8;-107.8;-123,-15.5;-15;-16.2;-13;-14.6;-12.7;-16.4;-12.3;-18.1;-27.5,255;255;255;255;255;255;255;255;255;255,1;0;0;0;0;0;0,504990;504990;504990;504990;504990;504990;504990,496;238;497;558;560;835;495,0;0;2;1;2;3;3,-,4;1;1;1;1;1;1,-95;-97.5;-97.8;-97.9;-104.2;-107.7;-123,-13.2;-14.4;-12.6;-15.6;-17;-18.4;-27.5,-3.3;255;255;255;255;255;255,0.6,4,0,QPSK,-,100,0,0,0,0.00,0.00,0.00,0.00,0,1,Rank 2,19,496,24,69,-,69,11,18.2,31,17,64QAM,0,SMDL,1.2,0,91.9,0.00,0.00,0.01,0.40,Rank 2,4,360,102,-,4 x 4,HandOver,49941,Free,17,FORMAT_0,41,127,Success,49941,5,-,22,10,9,-,102,-,3,21,-,-,-,-,-,-,-,-,-,-,-,-,-,Registered,Normal Service,9,269,18,89CE79EC,874,9,30kHz,325,-,4,1,-,-,New trans.,0,0,64QAM,179,1,49941,874,13,0,0,Pass,0,QPSK,0,16,1,0,15,30kHz,Re trans.,-,2572,
20260725 15:14:32.676,24.826938,102.852699,12.46,1950,3,1,0.00,0.00,,,,,,,1,SA,460,00,中国移动,4456484,6471196684,1579882,12,Normal,-,1,41,100,100,504990,-,496,513000,513000,30kHz,503172,1099,-,ms20,Connected,SA,-0.9,2,3,-60,119,-101.6,-12.9,3.5,0,Not Barred,6,6312,-52.4,504990,496,-100.4;-101.4;-96.8;-85.5,-,-1.6;0.5;2.2;4.5,4.5;10.5;10.3;13,-64.9;-55.3;-52.4;-60.3,1;0;3;0;1;7;2;2;3,558;238;560;496;496;496;496;497;835,-100.6;-99.8;-111;-101.6;-103;-103.3;-118.3;-102.5;-112.4,-13.6;-13;-19.8;-14.1;-15.8;-12.9;-22.9;-13.4;-20.6,255;255;255;255;255;255;255;255;255,1;0;0;0;0;0,504990;504990;504990;504990;504990;504990,496;558;238;497;835;560,0;1;0;2;3;3,-,4;1;1;1;1;1,-101.6;-100.6;-101.1;-104.4;-111.9;-113.7,-12.9;-13.6;-13.7;-14.1;-19.9;-20.9,3.5;255;255;255;255;255,1,4,0,QPSK,-,100,0,0,0,0.00,0.00,0.01,0.01,0,3,Rank 2,20,608,30,69,-,69,11,22.7,31,31,256QAM,0,SMDL,2.4,0,12.9,0.00,0.00,0.09,0.38,Rank 2,5,398,89,-,4 x 4,HandOver,49941,Free,17,FORMAT_0,41,127,Success,49941,5,-,19,25,9,-,89,-,7,23,-,-,-,-,-,-,-,-,-,-,-,-,-,Registered,Normal Service,9,269,18,89CE79EC,975,18,30kHz,960,-,5,1,-,-,New trans.,0,0,256QAM,100,1,49941,975,3,0,0,Pass,0,QPSK,0,16,1,0,15,30kHz,Re trans.,-,3884,