station_id,label,height_agl_m,azimuth_offset_deg,absolute_downtilt_deg,shared_power_dbm
2,图书馆-东北角,24.0,-16.0,-10.0,53.0
3,农学院,30.5,-10.0,-9.5,55.0
6,桦苑-西,21.0,4.0,-7.0,55.0
7,图书馆-西南角,32.0,-16.0,-7.0,55.0
9,诸子百家-西,26.5,-30.0,15.0,50.0
10,梓苑食堂后面,20.5,-170.0,-14.5,55.0
11,校史馆,25.5,-176.0,-5.0,50.0
12,明远楼,30.0,-20.0,-5.0,55.0
13,国重大楼,21.0,-4.0,-15.0,55.0
14,校医院,27.0,-16.0,-10.5,53.0
15,楸苑7宿舍-西,26.5,22.0,-6.5,55.0
16,楸苑,33.5,-10.0,-8.0,50.0
18,食堂-西,32.0,136.0,-15.0,50.0
20,软件学院,31.0,-36.0,-7.5,50.0
22,化工学院-西,20.5,0.0,0.0,50.0
23,梓苑食堂-南,34.5,-26.0,-8.0,50.0
25,西南角,20.0,14.0,15.0,55.0
26,楠苑-后大路,20.0,-22.0,-8.0,55.0
27,学校西北角,22.0,30.0,-13.5,55.0
30,北门地铁马路-西,20.0,42.0,6.0,55.0
31,北门西侧马路-对面,30.0,-30.0,11.5,50.0
33,北门东侧马路-西,20.0,0.0,-15.0,55.0
35,北门东侧马路-偏国重,22.5,20.0,-15.0,55.0
37,学校东北角-南,20.5,40.0,-3.0,55.0
38,学校东门对面,25.0,-60.0,1.5,52.0
39,学校东南角-东,21.0,-44.0,-2.5,55.0
41,楠苑宿舍楼-西,35.0,-2.0,-15.0,50.0
